{
  "emulators": {
    "firestore-conducteur": {
      "host": "localhost",
      "port": 1903
    },
    "firestore-passager": {
      "host": "localhost",
      "port": 1904
    },
    "auth": {
      "port": 9099
    },
    "functions": {
      "port": 5001
    },
    "firestore": {
      "port": 8080
    },
    "database": {
      "port": 9000
    },
    "hosting": {
      "port": 5000
    },
    "pubsub": {
      "port": 8085
    },
    "storage": {
      "port": 9199
    },
    "eventarc": {
      "port": 9299
    },
    "ui": {
      "enabled": true
    },
    "singleProjectMode": true
  }
}
