{
  "project_info": {
    "project_number": "1010738699867",
    "project_id": "covoiturage-d09cc",
    "storage_bucket": "covoiturage-d09cc.appspot.com"
  },
  "client": [
    {
      "client_info": {
        "mobilesdk_app_id": "1:1010738699867:android:4da0406adf17511a9d697e",
        "android_client_info": {
          "package_name": "com.example.covoiturage"
        }
      },
      "oauth_client": [],
      "api_key": [
        {
          "current_key": "AIzaSyCcgmiJLWDbU494uuvXtOAZwpRJNP5e-iQ"
        }
      ],
      "services": {
        "appinvite_service": {
          "other_platform_oauth_client": []
        }
      }
    }
  ],
  "configuration_version": "1"
}